{
   "Modded_Sonic_fall_CD_0": { "File": "f1.png", "Rect": "0,0,35,45", "Center": "16,23" },
   "Modded_Sonic_fall_CD_1": { "File": "f2.png", "Rect": "0,0,35,45", "Center": "16,23" },
   "Modded_Sonic_fall_CD_2": { "File": "f3.png", "Rect": "0,0,35,46", "Center": "16,23" },
   "Modded_Sonic_fall_CD_beta_0": { "File": "altf1.png", "Rect": "0,0,37,38", "Center": "16,23" },
   "Modded_Sonic_fall_CD_beta_1": { "File": "altf2.png", "Rect": "0,0,37,39", "Center": "16,23" },
   "Modded_Sonic_fall_CD_beta_2": { "File": "altf3.png", "Rect": "0,0,37,41", "Center": "16,23" },
   "character_sonic_springtwirl_0":  { "File": "stwirl1.png", "Rect": "0,0,20,44", "Center": "12,20" },
	"character_sonic_springtwirl_1":  { "File": "stwirl2.png", "Rect": "0,0,25,43", "Center": "12,20" },
	"character_sonic_springtwirl_2":  { "File": "stwirl3.png", "Rect": "0,0,25,43", "Center": "12,20" },
	"character_sonic_springtwirl_3":  { "File": "stwirl4.png", "Rect": "0,0,20,44", "Center": "12,20" },
	"character_sonic_springtwirl_4":  { "File": "stwirl5.png", "Rect": "0,0,29,44", "Center": "12,20" }
}